"Status","Start Time","Stop Time","Duration in ms","Parent Suite","Suite","Sub Suite","Test Class","Test Method","Name","Description"
"passed","Fri Feb 03 12:25:45 GMT 2023","Fri Feb 03 12:25:45 GMT 2023","821","tests","test_nodes_availability","","","","test_can_create_connection[Test for QUARTZ, url: wss://eu-ws-quartz.unique.network]",""
"passed","Fri Feb 03 12:31:57 GMT 2023","Fri Feb 03 12:31:59 GMT 2023","2162","tests","test_network_parameters","TestPrecision","","","test_precision[Test for Kabocha]",""
"passed","Fri Feb 03 12:25:45 GMT 2023","Fri Feb 03 12:25:46 GMT 2023","203","tests","test_nodes_availability","","","","test_can_create_connection[Test for KICO, url: wss://rpc.kico.dico.io]",""
"passed","Fri Feb 03 12:25:41 GMT 2023","Fri Feb 03 12:25:41 GMT 2023","747","tests","test_nodes_availability","","","","test_can_create_connection[Test for Khala, url: wss://khala-api.phala.network/ws]",""
"passed","Fri Feb 03 12:25:58 GMT 2023","Fri Feb 03 12:25:58 GMT 2023","770","tests","test_nodes_availability","","","","test_can_create_connection[Test for Litentry, url: wss://litentry-rpc.dwellir.com]",""
"passed","Fri Feb 03 12:25:28 GMT 2023","Fri Feb 03 12:25:29 GMT 2023","913","tests","test_nodes_availability","","","","test_can_create_connection[Test for Westend, url: wss://westend.api.onfinality.io/public-ws]",""
"passed","Fri Feb 03 12:27:24 GMT 2023","Fri Feb 03 12:27:31 GMT 2023","7669","tests","test_network_parameters","TestChainId","","","test_chainId[Test for Picasso]",""
"passed","Fri Feb 03 12:25:37 GMT 2023","Fri Feb 03 12:25:37 GMT 2023","671","tests","test_nodes_availability","","","","test_can_create_connection[Test for Basilisk, url: wss://basilisk-rpc.dwellir.com]",""
"passed","Fri Feb 03 12:30:03 GMT 2023","Fri Feb 03 12:30:08 GMT 2023","5108","tests","test_network_parameters","TestChainId","","","test_chainId[Test for QUARTZ]",""
"passed","Fri Feb 03 12:25:43 GMT 2023","Fri Feb 03 12:25:44 GMT 2023","577","tests","test_nodes_availability","","","","test_can_create_connection[Test for KILT, url: wss://spiritnet.api.onfinality.io/public-ws]",""
"passed","Fri Feb 03 12:30:33 GMT 2023","Fri Feb 03 12:30:35 GMT 2023","2004","tests","test_network_parameters","TestPrecision","","","test_precision[Test for Moonbeam]",""
"passed","Fri Feb 03 12:30:44 GMT 2023","Fri Feb 03 12:30:46 GMT 2023","2304","tests","test_network_parameters","TestPrecision","","","test_precision[Test for Altair]",""
"passed","Fri Feb 03 12:28:36 GMT 2023","Fri Feb 03 12:28:42 GMT 2023","5808","tests","test_network_parameters","TestChainId","","","test_chainId[Test for Westend]",""
"passed","Fri Feb 03 12:27:56 GMT 2023","Fri Feb 03 12:28:00 GMT 2023","4459","tests","test_network_parameters","TestNetworkPrefix","","","test_address_prefix[Test for Kapex]",""
"passed","Fri Feb 03 12:28:53 GMT 2023","Fri Feb 03 12:29:02 GMT 2023","8800","tests","test_network_parameters","TestChainId","","","test_chainId[Test for Moonbeam]",""
"passed","Fri Feb 03 12:29:02 GMT 2023","Fri Feb 03 12:29:07 GMT 2023","4653","tests","test_network_parameters","TestChainId","","","test_chainId[Test for Moonriver]",""
"passed","Fri Feb 03 12:30:53 GMT 2023","Fri Feb 03 12:30:56 GMT 2023","2120","tests","test_network_parameters","TestPrecision","","","test_precision[Test for Calamari]",""
"passed","Fri Feb 03 12:25:35 GMT 2023","Fri Feb 03 12:25:39 GMT 2023","4302","tests","test_network_parameters","TestNetworkPrefix","","","test_address_prefix[Test for Karura]",""
"passed","Fri Feb 03 12:32:05 GMT 2023","Fri Feb 03 12:32:07 GMT 2023","2015","tests","test_network_parameters","TestPrecision","","","test_precision[Test for Amplitude]",""
"passed","Fri Feb 03 12:25:24 GMT 2023","Fri Feb 03 12:25:27 GMT 2023","3188","tests","test_network_parameters","TestNetworkPrefix","","","test_address_prefix[Test for Kusama]",""
"passed","Fri Feb 03 12:36:39 GMT 2023","Fri Feb 03 12:36:40 GMT 2023","167","","io.novafoundation.nova.balances.BalancesIntegrationTest","","io.novafoundation.nova.balances.BalancesIntegrationTest","testBalancesLoading[Getting balance for Bifrost Polkadot network]","testBalancesLoading[Getting balance for Bifrost Polkadot network]",""
"passed","Fri Feb 03 12:36:43 GMT 2023","Fri Feb 03 12:36:43 GMT 2023","30","","io.novafoundation.nova.balances.BalancesIntegrationTest","","io.novafoundation.nova.balances.BalancesIntegrationTest","testBalancesLoading[Getting balance for Polymesh Mainnet network]","testBalancesLoading[Getting balance for Polymesh Mainnet network]",""
"passed","Fri Feb 03 12:25:41 GMT 2023","Fri Feb 03 12:25:42 GMT 2023","980","tests","test_nodes_availability","","","","test_can_create_connection[Test for Encointer, url: wss://api.kusama.encointer.org]",""
"passed","Fri Feb 03 12:27:48 GMT 2023","Fri Feb 03 12:27:51 GMT 2023","3066","tests","test_network_parameters","TestNetworkPrefix","","","test_address_prefix[Test for Kylin]",""
"passed","Fri Feb 03 12:30:00 GMT 2023","Fri Feb 03 12:30:04 GMT 2023","4090","tests","test_network_parameters","TestChainId","","","test_chainId[Test for Imbue]",""
"passed","Fri Feb 03 12:25:31 GMT 2023","Fri Feb 03 12:25:32 GMT 2023","922","tests","test_nodes_availability","","","","test_can_create_connection[Test for Shiden, url: wss://rpc.shiden.astar.network]",""
"passed","Fri Feb 03 12:25:52 GMT 2023","Fri Feb 03 12:25:53 GMT 2023","692","tests","test_nodes_availability","","","","test_can_create_connection[Test for Efinity, url: wss://efinity-rpc.dwellir.com]",""
"passed","Fri Feb 03 12:27:30 GMT 2023","Fri Feb 03 12:27:37 GMT 2023","7120","tests","test_network_parameters","TestNetworkPrefix","","","test_address_prefix[Test for GM]",""
"passed","Fri Feb 03 12:25:58 GMT 2023","Fri Feb 03 12:25:59 GMT 2023","271","tests","test_nodes_availability","","","","test_can_create_connection[Test for Pichiu, url: wss://pichiu.api.onfinality.io/public-ws]",""
"passed","Fri Feb 03 12:25:54 GMT 2023","Fri Feb 03 12:25:55 GMT 2023","327","tests","test_nodes_availability","","","","test_can_create_connection[Test for UNIQUE, url: wss://us-ws.unique.network/]",""
"passed","Fri Feb 03 12:32:15 GMT 2023","Fri Feb 03 12:32:17 GMT 2023","1905","tests","test_network_parameters","TestPrecision","","","test_precision[Test for Polymesh]",""
"passed","Fri Feb 03 12:25:30 GMT 2023","Fri Feb 03 12:25:31 GMT 2023","333","tests","test_nodes_availability","","","","test_can_create_connection[Test for Moonriver, url: wss://rpc.pinknode.io/moonriver/explorer]",""
"passed","Fri Feb 03 12:25:27 GMT 2023","Fri Feb 03 12:25:28 GMT 2023","492","tests","test_nodes_availability","","","","test_can_create_connection[Test for Moonbeam, url: wss://wss.api.moonbeam.network]",""
"passed","Fri Feb 03 12:31:23 GMT 2023","Fri Feb 03 12:31:26 GMT 2023","2125","tests","test_network_parameters","TestPrecision","","","test_precision[Test for Crab]",""
"passed","Fri Feb 03 12:28:19 GMT 2023","Fri Feb 03 12:28:24 GMT 2023","5103","tests","test_network_parameters","TestChainId","","","test_chainId[Test for Interlay]",""
"passed","Fri Feb 03 12:25:35 GMT 2023","Fri Feb 03 12:25:37 GMT 2023","1116","tests","test_nodes_availability","","","","test_can_create_connection[Test for Parallel, url: wss://rpc.parallel.fi]",""
"passed","Fri Feb 03 12:25:46 GMT 2023","Fri Feb 03 12:25:50 GMT 2023","4444","tests","test_network_parameters","TestNetworkPrefix","","","test_address_prefix[Test for Crust Shadow]",""
"passed","Fri Feb 03 12:25:44 GMT 2023","Fri Feb 03 12:25:45 GMT 2023","377","tests","test_nodes_availability","","","","test_can_create_connection[Test for QUARTZ, url: wss://quartz.unique.network]",""
"passed","Fri Feb 03 12:28:42 GMT 2023","Fri Feb 03 12:28:47 GMT 2023","5434","tests","test_network_parameters","TestChainId","","","test_chainId[Test for Statemine]",""
"passed","Fri Feb 03 12:29:46 GMT 2023","Fri Feb 03 12:29:52 GMT 2023","5992","tests","test_network_parameters","TestChainId","","","test_chainId[Test for KILT]",""
"passed","Fri Feb 03 12:25:35 GMT 2023","Fri Feb 03 12:25:35 GMT 2023","611","tests","test_nodes_availability","","","","test_can_create_connection[Test for Astar, url: wss://astar.api.onfinality.io/public-ws]",""
"passed","Fri Feb 03 12:30:56 GMT 2023","Fri Feb 03 12:30:57 GMT 2023","1888","tests","test_network_parameters","TestPrecision","","","test_precision[Test for QUARTZ]",""
"passed","Fri Feb 03 12:36:39 GMT 2023","Fri Feb 03 12:36:39 GMT 2023","177","","io.novafoundation.nova.balances.BalancesIntegrationTest","","io.novafoundation.nova.balances.BalancesIntegrationTest","testBalancesLoading[Getting balance for Altair network]","testBalancesLoading[Getting balance for Altair network]",""
"broken","Fri Feb 03 12:28:23 GMT 2023","Fri Feb 03 12:30:34 GMT 2023","131205","tests","test_nodes_availability","","","","test_can_create_connection[Test for GM, url: wss://ws-node-gm.terrabiodao.org]",""
"passed","Fri Feb 03 12:32:02 GMT 2023","Fri Feb 03 12:32:05 GMT 2023","2507","tests","test_network_parameters","TestPrecision","","","test_precision[Test for GM]",""
"passed","Fri Feb 03 12:25:32 GMT 2023","Fri Feb 03 12:25:34 GMT 2023","2267","tests","test_network_parameters","TestNetworkPrefix","","","test_address_prefix[Test for KICO]",""
"passed","Fri Feb 03 12:29:52 GMT 2023","Fri Feb 03 12:30:03 GMT 2023","10747","tests","test_network_parameters","TestChainId","","","test_chainId[Test for Calamari]",""
"passed","Fri Feb 03 12:36:41 GMT 2023","Fri Feb 03 12:36:41 GMT 2023","242","","io.novafoundation.nova.balances.BalancesIntegrationTest","","io.novafoundation.nova.balances.BalancesIntegrationTest","testBalancesLoading[Getting balance for Kabocha network]","testBalancesLoading[Getting balance for Kabocha network]",""
"passed","Fri Feb 03 12:25:30 GMT 2023","Fri Feb 03 12:25:30 GMT 2023","369","tests","test_nodes_availability","","","","test_can_create_connection[Test for Moonriver, url: wss://moonriver.public.blastapi.io]",""
"passed","Fri Feb 03 12:31:58 GMT 2023","Fri Feb 03 12:32:00 GMT 2023","2081","tests","test_network_parameters","TestPrecision","","","test_precision[Test for Imbue]",""
"passed","Fri Feb 03 12:26:06 GMT 2023","Fri Feb 03 12:26:07 GMT 2023","594","tests","test_nodes_availability","","","","test_can_create_connection[Test for DAO IPCI, url: wss://kusama.rpc.ipci.io]",""
"passed","Fri Feb 03 12:27:18 GMT 2023","Fri Feb 03 12:27:23 GMT 2023","4083","tests","test_network_parameters","TestNetworkPrefix","","","test_address_prefix[Test for Bajun]",""
"passed","Fri Feb 03 12:36:43 GMT 2023","Fri Feb 03 12:36:43 GMT 2023","206","","io.novafoundation.nova.balances.BalancesIntegrationTest","","io.novafoundation.nova.balances.BalancesIntegrationTest","testBalancesLoading[Getting balance for DAO IPCI network]","testBalancesLoading[Getting balance for DAO IPCI network]",""
"passed","Fri Feb 03 12:25:39 GMT 2023","Fri Feb 03 12:25:40 GMT 2023","732","tests","test_nodes_availability","","","","test_can_create_connection[Test for Statemint, url: wss://statemint-rpc.dwellir.com]",""
"passed","Fri Feb 03 12:32:16 GMT 2023","Fri Feb 03 12:32:18 GMT 2023","2401","tests","test_network_parameters","TestPrecision","","","test_precision[Test for Snow]",""
"passed","Fri Feb 03 12:31:07 GMT 2023","Fri Feb 03 12:31:15 GMT 2023","8063","tests","test_network_parameters","TestPrecision","","","test_precision[Test for Parallel]",""
"passed","Fri Feb 03 12:25:28 GMT 2023","Fri Feb 03 12:25:28 GMT 2023","692","tests","test_nodes_availability","","","","test_can_create_connection[Test for Westend, url: wss://westend-rpc.polkadot.io]",""
"passed","Fri Feb 03 12:25:20 GMT 2023","Fri Feb 03 12:25:24 GMT 2023","3423","tests","test_network_parameters","TestNetworkPrefix","","","test_address_prefix[Test for Polkadot]",""
"passed","Fri Feb 03 12:31:53 GMT 2023","Fri Feb 03 12:31:55 GMT 2023","2096","tests","test_network_parameters","TestPrecision","","","test_precision[Test for Mangata X]",""
"passed","Fri Feb 03 12:25:59 GMT 2023","Fri Feb 03 12:25:59 GMT 2023","756","tests","test_nodes_availability","","","","test_can_create_connection[Test for Kabocha, url: wss://kabocha.jelliedowl.com]",""
"passed","Fri Feb 03 12:36:23 GMT 2023","Fri Feb 03 12:36:23 GMT 2023","151","","io.novafoundation.nova.balances.BalancesIntegrationTest","","io.novafoundation.nova.balances.BalancesIntegrationTest","testBalancesLoading[Getting balance for Moonbeam network]","testBalancesLoading[Getting balance for Moonbeam network]",""
"passed","Fri Feb 03 12:27:11 GMT 2023","Fri Feb 03 12:27:13 GMT 2023","1460","tests","test_network_parameters","TestChainId","","","test_chainId[Test for Parallel]",""
"passed","Fri Feb 03 12:26:44 GMT 2023","Fri Feb 03 12:26:51 GMT 2023","7856","tests","test_network_parameters","TestNetworkPrefix","","","test_address_prefix[Test for Parallel]",""
"passed","Fri Feb 03 12:27:23 GMT 2023","Fri Feb 03 12:27:26 GMT 2023","3013","tests","test_network_parameters","TestNetworkPrefix","","","test_address_prefix[Test for Imbue]",""
"passed","Fri Feb 03 12:25:46 GMT 2023","Fri Feb 03 12:25:47 GMT 2023","1024","tests","test_nodes_availability","","","","test_can_create_connection[Test for Litmus, url: wss://rpc.litmus-parachain.litentry.io]",""
"passed","Fri Feb 03 12:36:38 GMT 2023","Fri Feb 03 12:36:38 GMT 2023","187","","io.novafoundation.nova.balances.BalancesIntegrationTest","","io.novafoundation.nova.balances.BalancesIntegrationTest","testBalancesLoading[Getting balance for Phala network]","testBalancesLoading[Getting balance for Phala network]",""
"passed","Fri Feb 03 12:26:21 GMT 2023","Fri Feb 03 12:26:27 GMT 2023","5428","tests","test_network_parameters","TestNetworkPrefix","","","test_address_prefix[Test for Calamari]",""
"passed","Fri Feb 03 12:26:56 GMT 2023","Fri Feb 03 12:27:01 GMT 2023","4481","tests","test_network_parameters","TestNetworkPrefix","","","test_address_prefix[Test for Statemint]",""
"passed","Fri Feb 03 12:29:27 GMT 2023","Fri Feb 03 12:29:32 GMT 2023","5366","tests","test_network_parameters","TestChainId","","","test_chainId[Test for Mangata X]",""
"passed","Fri Feb 03 12:25:36 GMT 2023","Fri Feb 03 12:25:37 GMT 2023","641","tests","test_nodes_availability","","","","test_can_create_connection[Test for Basilisk, url: wss://rpc.basilisk.cloud]",""
"passed","Fri Feb 03 12:27:17 GMT 2023","Fri Feb 03 12:27:19 GMT 2023","1694","tests","test_network_parameters","TestChainId","","","test_chainId[Test for Encointer]",""
"passed","Fri Feb 03 12:25:53 GMT 2023","Fri Feb 03 12:25:57 GMT 2023","4797","tests","test_network_parameters","TestNetworkPrefix","","","test_address_prefix[Test for Bifrost Kusama]",""
"passed","Fri Feb 03 12:36:36 GMT 2023","Fri Feb 03 12:36:36 GMT 2023","191","","io.novafoundation.nova.balances.BalancesIntegrationTest","","io.novafoundation.nova.balances.BalancesIntegrationTest","testBalancesLoading[Getting balance for Litmus network]","testBalancesLoading[Getting balance for Litmus network]",""
"passed","Fri Feb 03 12:25:32 GMT 2023","Fri Feb 03 12:25:32 GMT 2023","286","tests","test_nodes_availability","","","","test_can_create_connection[Test for Shiden, url: wss://rpc.pinknode.io/shiden/explorer]",""
"passed","Fri Feb 03 12:25:56 GMT 2023","Fri Feb 03 12:25:57 GMT 2023","687","tests","test_nodes_availability","","","","test_can_create_connection[Test for Bifrost Polkadot, url: wss://hk.p.bifrost-rpc.liebi.com/ws]",""
"passed","Fri Feb 03 12:25:31 GMT 2023","Fri Feb 03 12:25:31 GMT 2023","788","tests","test_nodes_availability","","","","test_can_create_connection[Test for Statemine, url: wss://statemine.api.onfinality.io/public-ws]",""
"passed","Fri Feb 03 12:27:36 GMT 2023","Fri Feb 03 12:27:39 GMT 2023","2868","tests","test_network_parameters","TestChainId","","","test_chainId[Test for KICO]",""
"passed","Fri Feb 03 12:36:36 GMT 2023","Fri Feb 03 12:36:37 GMT 2023","161","","io.novafoundation.nova.balances.BalancesIntegrationTest","","io.novafoundation.nova.balances.BalancesIntegrationTest","testBalancesLoading[Getting balance for Moonbase Alpha network]","testBalancesLoading[Getting balance for Moonbase Alpha network]",""
"passed","Fri Feb 03 12:31:55 GMT 2023","Fri Feb 03 12:31:58 GMT 2023","2628","tests","test_network_parameters","TestPrecision","","","test_precision[Test for Litentry]",""
"passed","Fri Feb 03 12:36:23 GMT 2023","Fri Feb 03 12:36:23 GMT 2023","131","","io.novafoundation.nova.balances.BalancesIntegrationTest","","io.novafoundation.nova.balances.BalancesIntegrationTest","testBalancesLoading[Getting balance for Moonriver network]","testBalancesLoading[Getting balance for Moonriver network]",""
"passed","Fri Feb 03 12:31:45 GMT 2023","Fri Feb 03 12:31:47 GMT 2023","1818","tests","test_network_parameters","TestPrecision","","","test_precision[Test for Turing]",""
"passed","Fri Feb 03 12:36:36 GMT 2023","Fri Feb 03 12:36:36 GMT 2023","165","","io.novafoundation.nova.balances.BalancesIntegrationTest","","io.novafoundation.nova.balances.BalancesIntegrationTest","testBalancesLoading[Getting balance for Westmint network]","testBalancesLoading[Getting balance for Westmint network]",""
"passed","Fri Feb 03 12:27:02 GMT 2023","Fri Feb 03 12:27:06 GMT 2023","4242","tests","test_network_parameters","TestNetworkPrefix","","","test_address_prefix[Test for Kabocha]",""
"passed","Fri Feb 03 12:28:00 GMT 2023","Fri Feb 03 12:28:05 GMT 2023","4873","tests","test_network_parameters","TestChainId","","","test_chainId[Test for Integritee Parachain]",""
"passed","Fri Feb 03 12:36:22 GMT 2023","Fri Feb 03 12:36:22 GMT 2023","330","","io.novafoundation.nova.balances.BalancesIntegrationTest","","io.novafoundation.nova.balances.BalancesIntegrationTest","testBalancesLoading[Getting balance for Statemine network]","testBalancesLoading[Getting balance for Statemine network]",""
"passed","Fri Feb 03 12:25:54 GMT 2023","Fri Feb 03 12:25:55 GMT 2023","1570","tests","test_nodes_availability","","","","test_can_create_connection[Test for Polkadex Solochain, url: wss://mainnet.polkadex.trade]",""
"passed","Fri Feb 03 12:30:25 GMT 2023","Fri Feb 03 12:30:27 GMT 2023","1942","tests","test_network_parameters","TestPrecision","","","test_precision[Test for Kusama]",""
"passed","Fri Feb 03 12:31:02 GMT 2023","Fri Feb 03 12:31:07 GMT 2023","4874","tests","test_network_parameters","TestPrecision","","","test_precision[Test for Astar]",""
"passed","Fri Feb 03 12:25:40 GMT 2023","Fri Feb 03 12:25:40 GMT 2023","742","tests","test_nodes_availability","","","","test_can_create_connection[Test for Robonomics, url: wss://kusama.rpc.robonomics.network/]",""
"passed","Fri Feb 03 12:36:36 GMT 2023","Fri Feb 03 12:36:36 GMT 2023","169","","io.novafoundation.nova.balances.BalancesIntegrationTest","","io.novafoundation.nova.balances.BalancesIntegrationTest","testBalancesLoading[Getting balance for Centrifuge Parachain network]","testBalancesLoading[Getting balance for Centrifuge Parachain network]",""
"passed","Fri Feb 03 12:36:37 GMT 2023","Fri Feb 03 12:36:37 GMT 2023","222","","io.novafoundation.nova.balances.BalancesIntegrationTest","","io.novafoundation.nova.balances.BalancesIntegrationTest","testBalancesLoading[Getting balance for Encointer network]","testBalancesLoading[Getting balance for Encointer network]",""
"passed","Fri Feb 03 12:27:51 GMT 2023","Fri Feb 03 12:27:56 GMT 2023","4919","tests","test_network_parameters","TestNetworkPrefix","","","test_address_prefix[Test for Darwinia]",""
"passed","Fri Feb 03 12:36:35 GMT 2023","Fri Feb 03 12:36:35 GMT 2023","203","","io.novafoundation.nova.balances.BalancesIntegrationTest","","io.novafoundation.nova.balances.BalancesIntegrationTest","testBalancesLoading[Getting balance for Robonomics network]","testBalancesLoading[Getting balance for Robonomics network]",""
"passed","Fri Feb 03 12:36:37 GMT 2023","Fri Feb 03 12:36:38 GMT 2023","187","","io.novafoundation.nova.balances.BalancesIntegrationTest","","io.novafoundation.nova.balances.BalancesIntegrationTest","testBalancesLoading[Getting balance for Crust Shadow network]","testBalancesLoading[Getting balance for Crust Shadow network]",""
"passed","Fri Feb 03 12:26:44 GMT 2023","Fri Feb 03 12:26:48 GMT 2023","4110","tests","test_network_parameters","TestNetworkPrefix","","","test_address_prefix[Test for UNIQUE]",""
"passed","Fri Feb 03 12:36:42 GMT 2023","Fri Feb 03 12:36:42 GMT 2023","174","","io.novafoundation.nova.balances.BalancesIntegrationTest","","io.novafoundation.nova.balances.BalancesIntegrationTest","testBalancesLoading[Getting balance for Statemint network]","testBalancesLoading[Getting balance for Statemint network]",""
"passed","Fri Feb 03 12:26:17 GMT 2023","Fri Feb 03 12:26:21 GMT 2023","3959","tests","test_network_parameters","TestNetworkPrefix","","","test_address_prefix[Test for KILT]",""
"passed","Fri Feb 03 12:27:55 GMT 2023","Fri Feb 03 12:28:00 GMT 2023","4803","tests","test_network_parameters","TestChainId","","","test_chainId[Test for Crust Shadow]",""
"passed","Fri Feb 03 12:27:19 GMT 2023","Fri Feb 03 12:27:24 GMT 2023","4733","tests","test_network_parameters","TestChainId","","","test_chainId[Test for Kintsugi]",""
"passed","Fri Feb 03 12:27:40 GMT 2023","Fri Feb 03 12:27:48 GMT 2023","7793","tests","test_network_parameters","TestNetworkPrefix","","","test_address_prefix[Test for Ternoa]",""
"passed","Fri Feb 03 12:31:43 GMT 2023","Fri Feb 03 12:31:45 GMT 2023","2453","tests","test_network_parameters","TestPrecision","","","test_precision[Test for Picasso]",""
"passed","Fri Feb 03 12:25:53 GMT 2023","Fri Feb 03 12:25:54 GMT 2023","703","tests","test_nodes_availability","","","","test_can_create_connection[Test for Turing, url: wss://turing-rpc.dwellir.com]",""
"passed","Fri Feb 03 12:26:30 GMT 2023","Fri Feb 03 12:26:35 GMT 2023","5021","tests","test_network_parameters","TestNetworkPrefix","","","test_address_prefix[Test for OriginTrail Parachain]",""
"passed","Fri Feb 03 12:25:39 GMT 2023","Fri Feb 03 12:25:43 GMT 2023","3370","tests","test_network_parameters","TestNetworkPrefix","","","test_address_prefix[Test for Moonbeam]",""
"passed","Fri Feb 03 12:36:28 GMT 2023","Fri Feb 03 12:36:33 GMT 2023","4728","","io.novafoundation.nova.balances.BalancesIntegrationTest","","io.novafoundation.nova.balances.BalancesIntegrationTest","testBalancesLoading[Getting balance for Khala network]","testBalancesLoading[Getting balance for Khala network]",""
"passed","Fri Feb 03 12:25:24 GMT 2023","Fri Feb 03 12:25:25 GMT 2023","872","tests","test_nodes_availability","","","","test_can_create_connection[Test for Polkadot, url: wss://polkadot-rpc.dwellir.com]",""
"passed","Fri Feb 03 12:36:40 GMT 2023","Fri Feb 03 12:36:40 GMT 2023","176","","io.novafoundation.nova.balances.BalancesIntegrationTest","","io.novafoundation.nova.balances.BalancesIntegrationTest","testBalancesLoading[Getting balance for UNIQUE network]","testBalancesLoading[Getting balance for UNIQUE network]",""
"passed","Fri Feb 03 12:28:48 GMT 2023","Fri Feb 03 12:28:55 GMT 2023","7268","tests","test_network_parameters","TestChainId","","","test_chainId[Test for Polkadex Solochain]",""
"passed","Fri Feb 03 12:25:23 GMT 2023","Fri Feb 03 12:25:24 GMT 2023","832","tests","test_nodes_availability","","","","test_can_create_connection[Test for Statemine, url: wss://statemine-rpc.polkadot.io]",""
"passed","Fri Feb 03 12:26:02 GMT 2023","Fri Feb 03 12:26:03 GMT 2023","742","tests","test_nodes_availability","","","","test_can_create_connection[Test for Ternoa, url: wss://mainnet.ternoa.network]",""
"passed","Fri Feb 03 12:25:39 GMT 2023","Fri Feb 03 12:25:43 GMT 2023","4254","tests","test_network_parameters","TestNetworkPrefix","","","test_address_prefix[Test for Crab]",""
"passed","Fri Feb 03 12:28:47 GMT 2023","Fri Feb 03 12:28:53 GMT 2023","6033","tests","test_network_parameters","TestChainId","","","test_chainId[Test for Karura]",""
"passed","Fri Feb 03 12:32:00 GMT 2023","Fri Feb 03 12:32:02 GMT 2023","2275","tests","test_network_parameters","TestPrecision","","","test_precision[Test for Tinkernet]",""
"passed","Fri Feb 03 12:26:03 GMT 2023","Fri Feb 03 12:26:04 GMT 2023","706","tests","test_nodes_availability","","","","test_can_create_connection[Test for Darwinia, url: wss://parachain-rpc.darwinia.network]",""
"passed","Fri Feb 03 12:36:42 GMT 2023","Fri Feb 03 12:36:43 GMT 2023","217","","io.novafoundation.nova.balances.BalancesIntegrationTest","","io.novafoundation.nova.balances.BalancesIntegrationTest","testBalancesLoading[Getting balance for Darwinia network]","testBalancesLoading[Getting balance for Darwinia network]",""
"passed","Fri Feb 03 12:30:41 GMT 2023","Fri Feb 03 12:30:51 GMT 2023","10292","tests","test_network_parameters","TestChainId","","","test_chainId[Test for Polymesh]",""
"passed","Fri Feb 03 12:25:49 GMT 2023","Fri Feb 03 12:25:49 GMT 2023","655","tests","test_nodes_availability","","","","test_can_create_connection[Test for Crust Shadow, url: wss://rpc2-shadow.crust.network/]",""
"passed","Fri Feb 03 12:25:31 GMT 2023","Fri Feb 03 12:25:35 GMT 2023","3761","tests","test_network_parameters","TestNetworkPrefix","","","test_address_prefix[Test for Statemine]",""
"passed","Fri Feb 03 12:36:34 GMT 2023","Fri Feb 03 12:36:35 GMT 2023","197","","io.novafoundation.nova.balances.BalancesIntegrationTest","","io.novafoundation.nova.balances.BalancesIntegrationTest","testBalancesLoading[Getting balance for Basilisk network]","testBalancesLoading[Getting balance for Basilisk network]",""
"passed","Fri Feb 03 12:25:47 GMT 2023","Fri Feb 03 12:25:47 GMT 2023","507","tests","test_nodes_availability","","","","test_can_create_connection[Test for Bit.Country Pioneer, url: wss://pioneer.api.onfinality.io/public-ws]",""
"passed","Fri Feb 03 12:30:23 GMT 2023","Fri Feb 03 12:30:25 GMT 2023","1877","tests","test_network_parameters","TestPrecision","","","test_precision[Test for Polkadot]",""
"passed","Fri Feb 03 12:25:25 GMT 2023","Fri Feb 03 12:25:26 GMT 2023","721","tests","test_nodes_availability","","","","test_can_create_connection[Test for Karura, url: wss://karura-rpc-0.aca-api.network]",""
"passed","Fri Feb 03 12:30:40 GMT 2023","Fri Feb 03 12:30:42 GMT 2023","2265","tests","test_network_parameters","TestPrecision","","","test_precision[Test for Bifrost Kusama]",""
"passed","Fri Feb 03 12:25:43 GMT 2023","Fri Feb 03 12:25:43 GMT 2023","690","tests","test_nodes_availability","","","","test_can_create_connection[Test for Kintsugi, url: wss://api-kusama.interlay.io/parachain]",""
"passed","Fri Feb 03 12:25:37 GMT 2023","Fri Feb 03 12:25:38 GMT 2023","775","tests","test_nodes_availability","","","","test_can_create_connection[Test for Altair, url: wss://fullnode.altair.centrifuge.io]",""
"passed","Fri Feb 03 12:28:05 GMT 2023","Fri Feb 03 12:28:10 GMT 2023","5023","tests","test_network_parameters","TestChainId","","","test_chainId[Test for Centrifuge Parachain]",""
"passed","Fri Feb 03 12:25:57 GMT 2023","Fri Feb 03 12:25:58 GMT 2023","757","tests","test_nodes_availability","","","","test_can_create_connection[Test for Mangata X, url: wss://mangata-x.api.onfinality.io/public-ws]",""
"passed","Fri Feb 03 12:32:17 GMT 2023","Fri Feb 03 12:32:23 GMT 2023","5720","tests","test_network_parameters","TestPrecision","","","test_precision[Test for DAO IPCI]",""
"passed","Fri Feb 03 12:25:51 GMT 2023","Fri Feb 03 12:25:52 GMT 2023","265","tests","test_nodes_availability","","","","test_can_create_connection[Test for Nodle Parachain, url: wss://nodle-parachain.api.onfinality.io/public-ws]",""
"passed","Fri Feb 03 12:28:14 GMT 2023","Fri Feb 03 12:28:19 GMT 2023","5061","tests","test_network_parameters","TestChainId","","","test_chainId[Test for HydraDX]",""
"passed","Fri Feb 03 12:31:21 GMT 2023","Fri Feb 03 12:31:23 GMT 2023","2529","tests","test_network_parameters","TestPrecision","","","test_precision[Test for Litmus]",""
"passed","Fri Feb 03 12:25:37 GMT 2023","Fri Feb 03 12:25:38 GMT 2023","853","tests","test_nodes_availability","","","","test_can_create_connection[Test for Statemint, url: wss://statemint-rpc.polkadot.io]",""
"passed","Fri Feb 03 12:25:53 GMT 2023","Fri Feb 03 12:25:54 GMT 2023","699","tests","test_nodes_availability","","","","test_can_create_connection[Test for Composable Finance, url: wss://rpc.composable.finance]",""
"passed","Fri Feb 03 12:29:06 GMT 2023","Fri Feb 03 12:29:12 GMT 2023","6073","tests","test_network_parameters","TestChainId","","","test_chainId[Test for Litentry]",""
"passed","Fri Feb 03 12:25:34 GMT 2023","Fri Feb 03 12:25:35 GMT 2023","460","tests","test_nodes_availability","","","","test_can_create_connection[Test for Astar, url: wss://rpc.astar.network]",""
"passed","Fri Feb 03 12:27:14 GMT 2023","Fri Feb 03 12:27:16 GMT 2023","1585","tests","test_network_parameters","TestChainId","","","test_chainId[Test for Statemint]",""
"passed","Fri Feb 03 12:25:42 GMT 2023","Fri Feb 03 12:25:43 GMT 2023","537","tests","test_nodes_availability","","","","test_can_create_connection[Test for Encointer, url: wss://encointer.api.onfinality.io/public-ws]",""
"passed","Fri Feb 03 12:31:28 GMT 2023","Fri Feb 03 12:31:34 GMT 2023","6267","tests","test_network_parameters","TestPrecision","","","test_precision[Test for Robonomics]",""
"passed","Fri Feb 03 12:30:42 GMT 2023","Fri Feb 03 12:30:44 GMT 2023","2197","tests","test_network_parameters","TestPrecision","","","test_precision[Test for Basilisk]",""
"passed","Fri Feb 03 12:25:33 GMT 2023","Fri Feb 03 12:25:33 GMT 2023","652","tests","test_nodes_availability","","","","test_can_create_connection[Test for Acala, url: wss://acala-rpc-2.aca-api.network/ws]",""
"passed","Fri Feb 03 12:29:55 GMT 2023","Fri Feb 03 12:30:00 GMT 2023","5058","tests","test_network_parameters","TestChainId","","","test_chainId[Test for Bajun]",""
"passed","Fri Feb 03 12:30:29 GMT 2023","Fri Feb 03 12:30:31 GMT 2023","2332","tests","test_network_parameters","TestPrecision","","","test_precision[Test for Statemine]",""
"passed","Fri Feb 03 12:26:23 GMT 2023","Fri Feb 03 12:26:27 GMT 2023","4135","tests","test_network_parameters","TestNetworkPrefix","","","test_address_prefix[Test for Composable Finance]",""
"passed","Fri Feb 03 12:36:23 GMT 2023","Fri Feb 03 12:36:28 GMT 2023","4807","","io.novafoundation.nova.balances.BalancesIntegrationTest","","io.novafoundation.nova.balances.BalancesIntegrationTest","testBalancesLoading[Getting balance for Edgeware network]","testBalancesLoading[Getting balance for Edgeware network]",""
"passed","Fri Feb 03 12:29:17 GMT 2023","Fri Feb 03 12:29:27 GMT 2023","9641","tests","test_network_parameters","TestChainId","","","test_chainId[Test for Dora Factory]",""
"passed","Fri Feb 03 12:26:07 GMT 2023","Fri Feb 03 12:26:07 GMT 2023","229","tests","test_nodes_availability","","","","test_can_create_connection[Test for Myriad, url: wss://gateway.mainnet.octopus.network/myriad/a4cb0a6e30ff5233a3567eb4e8cb71e0]",""
"passed","Fri Feb 03 12:32:07 GMT 2023","Fri Feb 03 12:32:09 GMT 2023","2362","tests","test_network_parameters","TestPrecision","","","test_precision[Test for Ternoa]",""
"passed","Fri Feb 03 12:25:45 GMT 2023","Fri Feb 03 12:25:45 GMT 2023","480","tests","test_nodes_availability","","","","test_can_create_connection[Test for Zeitgeist, url: wss://zeitgeist.api.onfinality.io/public-ws]",""
"passed","Fri Feb 03 12:25:32 GMT 2023","Fri Feb 03 12:25:33 GMT 2023","624","tests","test_nodes_availability","","","","test_can_create_connection[Test for Acala, url: wss://acala-rpc-1.aca-api.network]",""
"passed","Fri Feb 03 12:29:07 GMT 2023","Fri Feb 03 12:29:13 GMT 2023","6083","tests","test_network_parameters","TestChainId","","","test_chainId[Test for Shiden]",""
"passed","Fri Feb 03 12:25:49 GMT 2023","Fri Feb 03 12:25:49 GMT 2023","400","tests","test_nodes_availability","","","","test_can_create_connection[Test for HydraDX, url: wss://rpc.hydradx.cloud]",""
"passed","Fri Feb 03 12:32:14 GMT 2023","Fri Feb 03 12:32:16 GMT 2023","2255","tests","test_network_parameters","TestPrecision","","","test_precision[Test for Kapex]",""
"passed","Fri Feb 03 12:36:42 GMT 2023","Fri Feb 03 12:36:42 GMT 2023","166","","io.novafoundation.nova.balances.BalancesIntegrationTest","","io.novafoundation.nova.balances.BalancesIntegrationTest","testBalancesLoading[Getting balance for Tinkernet network]","testBalancesLoading[Getting balance for Tinkernet network]",""
"passed","Fri Feb 03 12:25:29 GMT 2023","Fri Feb 03 12:25:30 GMT 2023","891","tests","test_nodes_availability","","","","test_can_create_connection[Test for Westend, url: wss://westend-rpc.dwellir.com]",""
"passed","Fri Feb 03 12:36:41 GMT 2023","Fri Feb 03 12:36:41 GMT 2023","189","","io.novafoundation.nova.balances.BalancesIntegrationTest","","io.novafoundation.nova.balances.BalancesIntegrationTest","testBalancesLoading[Getting balance for Bajun network]","testBalancesLoading[Getting balance for Bajun network]",""
"passed","Fri Feb 03 12:36:39 GMT 2023","Fri Feb 03 12:36:39 GMT 2023","170","","io.novafoundation.nova.balances.BalancesIntegrationTest","","io.novafoundation.nova.balances.BalancesIntegrationTest","testBalancesLoading[Getting balance for Composable Finance network]","testBalancesLoading[Getting balance for Composable Finance network]",""
"passed","Fri Feb 03 12:30:36 GMT 2023","Fri Feb 03 12:30:41 GMT 2023","5408","tests","test_network_parameters","TestChainId","","","test_chainId[Test for Kapex]",""
"passed","Fri Feb 03 12:36:40 GMT 2023","Fri Feb 03 12:36:40 GMT 2023","173","","io.novafoundation.nova.balances.BalancesIntegrationTest","","io.novafoundation.nova.balances.BalancesIntegrationTest","testBalancesLoading[Getting balance for OriginTrail Parachain network]","testBalancesLoading[Getting balance for OriginTrail Parachain network]",""
"passed","Fri Feb 03 12:25:28 GMT 2023","Fri Feb 03 12:25:32 GMT 2023","3859","tests","test_network_parameters","TestNetworkPrefix","","","test_address_prefix[Test for Zeitgeist]",""
"passed","Fri Feb 03 12:25:42 GMT 2023","Fri Feb 03 12:25:43 GMT 2023","671","tests","test_nodes_availability","","","","test_can_create_connection[Test for Khala, url: wss://khala-rpc.dwellir.com]",""
"passed","Fri Feb 03 12:25:34 GMT 2023","Fri Feb 03 12:25:39 GMT 2023","4490","tests","test_network_parameters","TestNetworkPrefix","","","test_address_prefix[Test for Litmus]",""
"passed","Fri Feb 03 12:29:36 GMT 2023","Fri Feb 03 12:29:41 GMT 2023","5241","tests","test_network_parameters","TestChainId","","","test_chainId[Test for Kabocha]",""
"passed","Fri Feb 03 12:36:38 GMT 2023","Fri Feb 03 12:36:38 GMT 2023","179","","io.novafoundation.nova.balances.BalancesIntegrationTest","","io.novafoundation.nova.balances.BalancesIntegrationTest","testBalancesLoading[Getting balance for Integritee Parachain network]","testBalancesLoading[Getting balance for Integritee Parachain network]",""
"passed","Fri Feb 03 12:25:57 GMT 2023","Fri Feb 03 12:26:02 GMT 2023","4670","tests","test_network_parameters","TestNetworkPrefix","","","test_address_prefix[Test for Basilisk]",""
"passed","Fri Feb 03 12:36:35 GMT 2023","Fri Feb 03 12:36:35 GMT 2023","175","","io.novafoundation.nova.balances.BalancesIntegrationTest","","io.novafoundation.nova.balances.BalancesIntegrationTest","testBalancesLoading[Getting balance for Parallel network]","testBalancesLoading[Getting balance for Parallel network]",""
"passed","Fri Feb 03 12:30:30 GMT 2023","Fri Feb 03 12:30:36 GMT 2023","6072","tests","test_network_parameters","TestChainId","","","test_chainId[Test for Darwinia]",""
"passed","Fri Feb 03 12:25:48 GMT 2023","Fri Feb 03 12:25:49 GMT 2023","437","tests","test_nodes_availability","","","","test_can_create_connection[Test for Subsocial, url: wss://para.subsocial.network]",""
"passed","Fri Feb 03 12:27:05 GMT 2023","Fri Feb 03 12:27:09 GMT 2023","4400","tests","test_network_parameters","TestNetworkPrefix","","","test_address_prefix[Test for Encointer]",""
"passed","Fri Feb 03 12:26:01 GMT 2023","Fri Feb 03 12:26:02 GMT 2023","951","tests","test_nodes_availability","","","","test_can_create_connection[Test for GM, url: wss://leemo.gmordie.com]",""
"passed","Fri Feb 03 12:29:26 GMT 2023","Fri Feb 03 12:29:33 GMT 2023","6646","tests","test_network_parameters","TestChainId","","","test_chainId[Test for Altair]",""
"passed","Fri Feb 03 12:25:45 GMT 2023","Fri Feb 03 12:25:46 GMT 2023","406","tests","test_nodes_availability","","","","test_can_create_connection[Test for QUARTZ, url: wss://us-ws-quartz.unique.network]",""
"passed","Fri Feb 03 12:36:41 GMT 2023","Fri Feb 03 12:36:41 GMT 2023","264","","io.novafoundation.nova.balances.BalancesIntegrationTest","","io.novafoundation.nova.balances.BalancesIntegrationTest","testBalancesLoading[Getting balance for Tanganika network]","testBalancesLoading[Getting balance for Tanganika network]",""
"passed","Fri Feb 03 12:36:34 GMT 2023","Fri Feb 03 12:36:34 GMT 2023","130","","io.novafoundation.nova.balances.BalancesIntegrationTest","","io.novafoundation.nova.balances.BalancesIntegrationTest","testBalancesLoading[Getting balance for Bit. Country network]","testBalancesLoading[Getting balance for Bit. Country network]",""
"passed","Fri Feb 03 12:25:40 GMT 2023","Fri Feb 03 12:25:41 GMT 2023","771","tests","test_nodes_availability","","","","test_can_create_connection[Test for Parallel Heiko, url: wss://parallel-heiko.api.onfinality.io/public-ws]",""
"passed","Fri Feb 03 12:25:53 GMT 2023","Fri Feb 03 12:25:53 GMT 2023","336","tests","test_nodes_availability","","","","test_can_create_connection[Test for Turing, url: wss://rpc.turing.oak.tech]",""
"passed","Fri Feb 03 12:25:27 GMT 2023","Fri Feb 03 12:25:27 GMT 2023","302","tests","test_nodes_availability","","","","test_can_create_connection[Test for Kusama, url: wss://kusama-rpc.polkadot.io]",""
"broken","Fri Feb 03 12:27:17 GMT 2023","Fri Feb 03 12:27:18 GMT 2023","1105","tests","test_network_parameters","TestNetworkPrefix","","","test_address_prefix[Test for Tanganika]",""
"passed","Fri Feb 03 12:25:35 GMT 2023","Fri Feb 03 12:25:36 GMT 2023","694","tests","test_nodes_availability","","","","test_can_create_connection[Test for Bifrost Kusama, url: wss://bifrost-rpc.dwellir.com]",""
"passed","Fri Feb 03 12:36:38 GMT 2023","Fri Feb 03 12:36:38 GMT 2023","88","","io.novafoundation.nova.balances.BalancesIntegrationTest","","io.novafoundation.nova.balances.BalancesIntegrationTest","testBalancesLoading[Getting balance for Turing network]","testBalancesLoading[Getting balance for Turing network]",""
"broken","Fri Feb 03 12:31:10 GMT 2023","Fri Feb 03 12:31:12 GMT 2023","1869","tests","test_network_parameters","TestChainId","","","test_chainId[Test for DAO IPCI]",""
"passed","Fri Feb 03 12:25:32 GMT 2023","Fri Feb 03 12:25:32 GMT 2023","549","tests","test_nodes_availability","","","","test_can_create_connection[Test for Shiden, url: wss://shiden.api.onfinality.io/public-ws]",""
"passed","Fri Feb 03 12:30:46 GMT 2023","Fri Feb 03 12:30:49 GMT 2023","2381","tests","test_network_parameters","TestPrecision","","","test_precision[Test for Parallel Heiko]",""
"passed","Fri Feb 03 12:25:43 GMT 2023","Fri Feb 03 12:25:46 GMT 2023","3215","tests","test_network_parameters","TestNetworkPrefix","","","test_address_prefix[Test for Subsocial]",""
"passed","Fri Feb 03 12:25:47 GMT 2023","Fri Feb 03 12:25:47 GMT 2023","804","tests","test_nodes_availability","","","","test_can_create_connection[Test for Crab, url: wss://crab-parachain-rpc.darwinia.network/]",""
"passed","Fri Feb 03 12:28:24 GMT 2023","Fri Feb 03 12:28:27 GMT 2023","3038","tests","test_network_parameters","TestChainId","","","test_chainId[Test for Nodle Parachain]",""
"passed","Fri Feb 03 12:29:33 GMT 2023","Fri Feb 03 12:29:39 GMT 2023","6604","tests","test_network_parameters","TestChainId","","","test_chainId[Test for Parallel Heiko]",""
"passed","Fri Feb 03 12:25:26 GMT 2023","Fri Feb 03 12:25:26 GMT 2023","690","tests","test_nodes_availability","","","","test_can_create_connection[Test for Kusama, url: wss://kusama-rpc.dwellir.com]",""
"passed","Fri Feb 03 12:25:43 GMT 2023","Fri Feb 03 12:25:44 GMT 2023","791","tests","test_nodes_availability","","","","test_can_create_connection[Test for Picasso, url: wss://picasso-rpc.composable.finance]",""
"passed","Fri Feb 03 12:26:01 GMT 2023","Fri Feb 03 12:26:02 GMT 2023","989","tests","test_nodes_availability","","","","test_can_create_connection[Test for GM, url: wss://ws.gm.bldnodes.org]",""
"passed","Fri Feb 03 12:36:22 GMT 2023","Fri Feb 03 12:36:23 GMT 2023","558","","io.novafoundation.nova.balances.BalancesIntegrationTest","","io.novafoundation.nova.balances.BalancesIntegrationTest","testBalancesLoading[Getting balance for Karura network]","testBalancesLoading[Getting balance for Karura network]",""
"passed","Fri Feb 03 12:31:39 GMT 2023","Fri Feb 03 12:31:41 GMT 2023","2448","tests","test_network_parameters","TestPrecision","","","test_precision[Test for Interlay]",""
"passed","Fri Feb 03 12:26:01 GMT 2023","Fri Feb 03 12:26:07 GMT 2023","6003","tests","test_network_parameters","TestNetworkPrefix","","","test_address_prefix[Test for HydraDX]",""
"passed","Fri Feb 03 12:36:37 GMT 2023","Fri Feb 03 12:36:37 GMT 2023","232","","io.novafoundation.nova.balances.BalancesIntegrationTest","","io.novafoundation.nova.balances.BalancesIntegrationTest","testBalancesLoading[Getting balance for Crab network]","testBalancesLoading[Getting balance for Crab network]",""
"passed","Fri Feb 03 12:25:23 GMT 2023","Fri Feb 03 12:25:24 GMT 2023","431","tests","test_nodes_availability","","","","test_can_create_connection[Test for Polkadot, url: wss://public-rpc.pinknode.io/polkadot]",""
"passed","Fri Feb 03 12:31:48 GMT 2023","Fri Feb 03 12:31:51 GMT 2023","2923","tests","test_network_parameters","TestPrecision","","","test_precision[Test for Polkadex Solochain]",""
"passed","Fri Feb 03 12:30:51 GMT 2023","Fri Feb 03 12:30:58 GMT 2023","6538","tests","test_network_parameters","TestChainId","","","test_chainId[Test for Snow]",""
"passed","Fri Feb 03 12:31:34 GMT 2023","Fri Feb 03 12:31:40 GMT 2023","6007","tests","test_network_parameters","TestPrecision","","","test_precision[Test for Encointer]",""
"passed","Fri Feb 03 12:26:06 GMT 2023","Fri Feb 03 12:26:13 GMT 2023","6514","tests","test_network_parameters","TestNetworkPrefix","","","test_address_prefix[Test for Parallel Heiko]",""
"passed","Fri Feb 03 12:30:27 GMT 2023","Fri Feb 03 12:30:29 GMT 2023","2230","tests","test_network_parameters","TestPrecision","","","test_precision[Test for Westend]",""
"passed","Fri Feb 03 12:36:40 GMT 2023","Fri Feb 03 12:36:41 GMT 2023","183","","io.novafoundation.nova.balances.BalancesIntegrationTest","","io.novafoundation.nova.balances.BalancesIntegrationTest","testBalancesLoading[Getting balance for Moonbase Relay Testnet network]","testBalancesLoading[Getting balance for Moonbase Relay Testnet network]",""
"passed","Fri Feb 03 12:26:27 GMT 2023","Fri Feb 03 12:26:30 GMT 2023","2451","tests","test_network_parameters","TestNetworkPrefix","","","test_address_prefix[Test for Polkadex Solochain]",""
"passed","Fri Feb 03 12:27:09 GMT 2023","Fri Feb 03 12:27:11 GMT 2023","1923","tests","test_network_parameters","TestChainId","","","test_chainId[Test for Astar]",""
"passed","Fri Feb 03 12:30:25 GMT 2023","Fri Feb 03 12:30:30 GMT 2023","4458","tests","test_network_parameters","TestChainId","","","test_chainId[Test for Kylin]",""
"passed","Fri Feb 03 12:25:58 GMT 2023","Fri Feb 03 12:25:58 GMT 2023","333","tests","test_nodes_availability","","","","test_can_create_connection[Test for Pichiu, url: wss://kusama.kylin-node.co.uk]",""
"passed","Fri Feb 03 12:25:52 GMT 2023","Fri Feb 03 12:25:53 GMT 2023","737","tests","test_nodes_availability","","","","test_can_create_connection[Test for Phala, url: wss://api.phala.network/ws]",""
"passed","Fri Feb 03 12:25:26 GMT 2023","Fri Feb 03 12:25:27 GMT 2023","658","tests","test_nodes_availability","","","","test_can_create_connection[Test for Karura, url: wss://karura-rpc-2.aca-api.network/ws]",""
"passed","Fri Feb 03 12:26:05 GMT 2023","Fri Feb 03 12:26:05 GMT 2023","435","tests","test_nodes_availability","","","","test_can_create_connection[Test for Polymesh, url: wss://mainnet-rpc.polymesh.network]",""
"passed","Fri Feb 03 12:36:42 GMT 2023","Fri Feb 03 12:36:42 GMT 2023","100","","io.novafoundation.nova.balances.BalancesIntegrationTest","","io.novafoundation.nova.balances.BalancesIntegrationTest","testBalancesLoading[Getting balance for Amplitude network]","testBalancesLoading[Getting balance for Amplitude network]",""
"passed","Fri Feb 03 12:36:38 GMT 2023","Fri Feb 03 12:36:38 GMT 2023","98","","io.novafoundation.nova.balances.BalancesIntegrationTest","","io.novafoundation.nova.balances.BalancesIntegrationTest","testBalancesLoading[Getting balance for Efinity network]","testBalancesLoading[Getting balance for Efinity network]",""
"passed","Fri Feb 03 12:25:24 GMT 2023","Fri Feb 03 12:25:25 GMT 2023","866","tests","test_nodes_availability","","","","test_can_create_connection[Test for Karura, url: wss://karura-rpc.dwellir.com]",""
"passed","Fri Feb 03 12:36:19 GMT 2023","Fri Feb 03 12:36:21 GMT 2023","2171","","io.novafoundation.nova.balances.BalancesIntegrationTest","","io.novafoundation.nova.balances.BalancesIntegrationTest","testBalancesLoading[Getting balance for Polkadot network]","testBalancesLoading[Getting balance for Polkadot network]",""
"passed","Fri Feb 03 12:36:41 GMT 2023","Fri Feb 03 12:36:42 GMT 2023","199","","io.novafoundation.nova.balances.BalancesIntegrationTest","","io.novafoundation.nova.balances.BalancesIntegrationTest","testBalancesLoading[Getting balance for GM network]","testBalancesLoading[Getting balance for GM network]",""
"passed","Fri Feb 03 12:36:36 GMT 2023","Fri Feb 03 12:36:36 GMT 2023","72","","io.novafoundation.nova.balances.BalancesIntegrationTest","","io.novafoundation.nova.balances.BalancesIntegrationTest","testBalancesLoading[Getting balance for KICO network]","testBalancesLoading[Getting balance for KICO network]",""
"passed","Fri Feb 03 12:29:13 GMT 2023","Fri Feb 03 12:29:20 GMT 2023","7057","tests","test_network_parameters","TestChainId","","","test_chainId[Test for Bifrost Kusama]",""
"passed","Fri Feb 03 12:36:36 GMT 2023","Fri Feb 03 12:36:36 GMT 2023","190","","io.novafoundation.nova.balances.BalancesIntegrationTest","","io.novafoundation.nova.balances.BalancesIntegrationTest","testBalancesLoading[Getting balance for Zeitgeist network]","testBalancesLoading[Getting balance for Zeitgeist network]",""
"passed","Fri Feb 03 12:36:38 GMT 2023","Fri Feb 03 12:36:38 GMT 2023","179","","io.novafoundation.nova.balances.BalancesIntegrationTest","","io.novafoundation.nova.balances.BalancesIntegrationTest","testBalancesLoading[Getting balance for HydraDX network]","testBalancesLoading[Getting balance for HydraDX network]",""
"passed","Fri Feb 03 12:36:40 GMT 2023","Fri Feb 03 12:36:40 GMT 2023","152","","io.novafoundation.nova.balances.BalancesIntegrationTest","","io.novafoundation.nova.balances.BalancesIntegrationTest","testBalancesLoading[Getting balance for Aleph Zero Testnet network]","testBalancesLoading[Getting balance for Aleph Zero Testnet network]",""
"passed","Fri Feb 03 12:26:59 GMT 2023","Fri Feb 03 12:27:02 GMT 2023","2926","tests","test_network_parameters","TestNetworkPrefix","","","test_address_prefix[Test for Pichiu]",""
"passed","Fri Feb 03 12:31:35 GMT 2023","Fri Feb 03 12:31:36 GMT 2023","1886","tests","test_network_parameters","TestPrecision","","","test_precision[Test for Efinity]",""
"passed","Fri Feb 03 12:36:42 GMT 2023","Fri Feb 03 12:36:42 GMT 2023","98","","io.novafoundation.nova.balances.BalancesIntegrationTest","","io.novafoundation.nova.balances.BalancesIntegrationTest","testBalancesLoading[Getting balance for Kylin network]","testBalancesLoading[Getting balance for Kylin network]",""
"passed","Fri Feb 03 12:26:39 GMT 2023","Fri Feb 03 12:26:44 GMT 2023","4830","tests","test_network_parameters","TestNetworkPrefix","","","test_address_prefix[Test for Litentry]",""
"passed","Fri Feb 03 12:25:23 GMT 2023","Fri Feb 03 12:25:23 GMT 2023","322","tests","test_nodes_availability","","","","test_can_create_connection[Test for Polkadot, url: wss://polkadot.api.onfinality.io/public-ws]",""
"passed","Fri Feb 03 12:35:38 GMT 2023","Fri Feb 03 12:36:18 GMT 2023","40635","","io.novafoundation.nova.balances.BalancesIntegrationTest","","io.novafoundation.nova.balances.BalancesIntegrationTest","testBalancesLoading[Getting balance for Shiden network]","testBalancesLoading[Getting balance for Shiden network]",""
"passed","Fri Feb 03 12:25:50 GMT 2023","Fri Feb 03 12:25:51 GMT 2023","667","tests","test_nodes_availability","","","","test_can_create_connection[Test for Interlay, url: wss://api.interlay.io/parachain]",""
"passed","Fri Feb 03 12:36:34 GMT 2023","Fri Feb 03 12:36:34 GMT 2023","189","","io.novafoundation.nova.balances.BalancesIntegrationTest","","io.novafoundation.nova.balances.BalancesIntegrationTest","testBalancesLoading[Getting balance for Acala network]","testBalancesLoading[Getting balance for Acala network]",""
"passed","Fri Feb 03 12:27:13 GMT 2023","Fri Feb 03 12:27:14 GMT 2023","1417","tests","test_network_parameters","TestChainId","","","test_chainId[Test for CLV Parachain]",""
"passed","Fri Feb 03 12:36:23 GMT 2023","Fri Feb 03 12:36:23 GMT 2023","208","","io.novafoundation.nova.balances.BalancesIntegrationTest","","io.novafoundation.nova.balances.BalancesIntegrationTest","testBalancesLoading[Getting balance for Bifrost network]","testBalancesLoading[Getting balance for Bifrost network]",""
"passed","Fri Feb 03 12:25:45 GMT 2023","Fri Feb 03 12:25:53 GMT 2023","7406","tests","test_network_parameters","TestNetworkPrefix","","","test_address_prefix[Test for Shiden]",""
"passed","Fri Feb 03 12:31:49 GMT 2023","Fri Feb 03 12:31:51 GMT 2023","2183","tests","test_network_parameters","TestPrecision","","","test_precision[Test for UNIQUE]",""
"passed","Fri Feb 03 12:36:21 GMT 2023","Fri Feb 03 12:36:21 GMT 2023","238","","io.novafoundation.nova.balances.BalancesIntegrationTest","","io.novafoundation.nova.balances.BalancesIntegrationTest","testBalancesLoading[Getting balance for Kusama network]","testBalancesLoading[Getting balance for Kusama network]",""
"passed","Fri Feb 03 12:25:48 GMT 2023","Fri Feb 03 12:25:49 GMT 2023","708","tests","test_nodes_availability","","","","test_can_create_connection[Test for Acala, url: wss://acala-rpc-0.aca-api.network]",""
"passed","Fri Feb 03 12:31:28 GMT 2023","Fri Feb 03 12:31:30 GMT 2023","2231","tests","test_network_parameters","TestPrecision","","","test_precision[Test for Crust Shadow]",""
"passed","Fri Feb 03 12:32:11 GMT 2023","Fri Feb 03 12:32:14 GMT 2023","2384","tests","test_network_parameters","TestPrecision","","","test_precision[Test for Darwinia]",""
"passed","Fri Feb 03 12:28:43 GMT 2023","Fri Feb 03 12:28:47 GMT 2023","4847","tests","test_network_parameters","TestChainId","","","test_chainId[Test for Composable Finance]",""
"passed","Fri Feb 03 12:26:35 GMT 2023","Fri Feb 03 12:26:39 GMT 2023","4599","tests","test_network_parameters","TestNetworkPrefix","","","test_address_prefix[Test for Bifrost Polkadot]",""
"passed","Fri Feb 03 12:25:55 GMT 2023","Fri Feb 03 12:25:56 GMT 2023","618","tests","test_nodes_availability","","","","test_can_create_connection[Test for OriginTrail Parachain, url: wss://parachain-rpc.origin-trail.network]",""
"passed","Fri Feb 03 12:25:29 GMT 2023","Fri Feb 03 12:25:30 GMT 2023","366","tests","test_nodes_availability","","","","test_can_create_connection[Test for Moonriver, url: wss://wss.api.moonriver.moonbeam.network]",""
"passed","Fri Feb 03 12:31:47 GMT 2023","Fri Feb 03 12:31:49 GMT 2023","1925","tests","test_network_parameters","TestPrecision","","","test_precision[Test for Aleph Zero]",""
"passed","Fri Feb 03 12:31:19 GMT 2023","Fri Feb 03 12:31:21 GMT 2023","1720","tests","test_network_parameters","TestPrecision","","","test_precision[Test for KICO]",""
"passed","Fri Feb 03 12:30:58 GMT 2023","Fri Feb 03 12:30:59 GMT 2023","1991","tests","test_network_parameters","TestPrecision","","","test_precision[Test for Bit.Country Pioneer]",""
"passed","Fri Feb 03 12:26:13 GMT 2023","Fri Feb 03 12:26:17 GMT 2023","3812","tests","test_network_parameters","TestNetworkPrefix","","","test_address_prefix[Test for Phala]",""
"passed","Fri Feb 03 12:25:24 GMT 2023","Fri Feb 03 12:25:28 GMT 2023","3973","tests","test_network_parameters","TestNetworkPrefix","","","test_address_prefix[Test for Picasso]",""
"passed","Fri Feb 03 12:30:59 GMT 2023","Fri Feb 03 12:31:02 GMT 2023","2192","tests","test_network_parameters","TestPrecision","","","test_precision[Test for Acala]",""
"passed","Fri Feb 03 12:25:40 GMT 2023","Fri Feb 03 12:25:41 GMT 2023","781","tests","test_nodes_availability","","","","test_can_create_connection[Test for Robonomics, url: wss://robonomics.leemo.me]",""
"passed","Fri Feb 03 12:29:39 GMT 2023","Fri Feb 03 12:29:46 GMT 2023","6906","tests","test_network_parameters","TestChainId","","","test_chainId[Test for Khala]",""
"passed","Fri Feb 03 12:25:52 GMT 2023","Fri Feb 03 12:25:52 GMT 2023","694","tests","test_nodes_availability","","","","test_can_create_connection[Test for Nodle Parachain, url: wss://eden-rpc.dwellir.com]",""
"passed","Fri Feb 03 12:25:46 GMT 2023","Fri Feb 03 12:25:47 GMT 2023","894","tests","test_nodes_availability","","","","test_can_create_connection[Test for QUARTZ, url: wss://asia-ws-quartz.unique.network]",""
"passed","Fri Feb 03 12:28:31 GMT 2023","Fri Feb 03 12:28:36 GMT 2023","5048","tests","test_network_parameters","TestChainId","","","test_chainId[Test for Kusama]",""
"passed","Fri Feb 03 12:25:32 GMT 2023","Fri Feb 03 12:25:35 GMT 2023","2420","tests","test_nodes_availability","","","","test_can_create_connection[Test for Bifrost Kusama, url: wss://bifrost-rpc.liebi.com/ws]",""
"passed","Fri Feb 03 12:27:39 GMT 2023","Fri Feb 03 12:27:44 GMT 2023","5083","tests","test_network_parameters","TestChainId","","","test_chainId[Test for Litmus]",""
"passed","Fri Feb 03 12:25:26 GMT 2023","Fri Feb 03 12:25:26 GMT 2023","647","tests","test_nodes_availability","","","","test_can_create_connection[Test for Karura, url: wss://karura-rpc-1.aca-api.network]",""
"passed","Fri Feb 03 12:25:27 GMT 2023","Fri Feb 03 12:25:27 GMT 2023","339","tests","test_nodes_availability","","","","test_can_create_connection[Test for Karura, url: wss://karura-rpc-3.aca-api.network/ws]",""
"passed","Fri Feb 03 12:36:40 GMT 2023","Fri Feb 03 12:36:40 GMT 2023","193","","io.novafoundation.nova.balances.BalancesIntegrationTest","","io.novafoundation.nova.balances.BalancesIntegrationTest","testBalancesLoading[Getting balance for Dora Factory network]","testBalancesLoading[Getting balance for Dora Factory network]",""
"passed","Fri Feb 03 12:25:51 GMT 2023","Fri Feb 03 12:25:52 GMT 2023","787","tests","test_nodes_availability","","","","test_can_create_connection[Test for Centrifuge Parachain, url: wss://fullnode.parachain.centrifuge.io]",""
"passed","Fri Feb 03 12:27:44 GMT 2023","Fri Feb 03 12:27:49 GMT 2023","4748","tests","test_network_parameters","TestChainId","","","test_chainId[Test for Crab]",""
"passed","Fri Feb 03 12:25:51 GMT 2023","Fri Feb 03 12:25:51 GMT 2023","598","tests","test_nodes_availability","","","","test_can_create_connection[Test for Integritee Parachain, url: wss://kusama.api.integritee.network]",""
"broken","Fri Feb 03 12:29:53 GMT 2023","Fri Feb 03 12:29:55 GMT 2023","1660","tests","test_network_parameters","TestChainId","","","test_chainId[Test for Tanganika]",""
"passed","Fri Feb 03 12:26:04 GMT 2023","Fri Feb 03 12:26:04 GMT 2023","719","tests","test_nodes_availability","","","","test_can_create_connection[Test for Darwinia, url: wss://darwinia-rpc.dwellir.com]",""
"passed","Fri Feb 03 12:25:37 GMT 2023","Fri Feb 03 12:25:37 GMT 2023","750","tests","test_nodes_availability","","","","test_can_create_connection[Test for CLV Parachain, url: wss://rpc-para.clover.finance]",""
"broken","Fri Feb 03 12:32:11 GMT 2023","Fri Feb 03 12:32:13 GMT 2023","1963","tests","test_network_parameters","TestPrecision","","","test_precision[Test for Tanganika]",""
"passed","Fri Feb 03 12:28:59 GMT 2023","Fri Feb 03 12:29:06 GMT 2023","6336","tests","test_network_parameters","TestChainId","","","test_chainId[Test for Bifrost Polkadot]",""
"passed","Fri Feb 03 12:27:31 GMT 2023","Fri Feb 03 12:27:36 GMT 2023","4614","tests","test_network_parameters","TestChainId","","","test_chainId[Test for Zeitgeist]",""
"passed","Fri Feb 03 12:26:07 GMT 2023","Fri Feb 03 12:26:08 GMT 2023","523","tests","test_nodes_availability","","","","test_can_create_connection[Test for XX network, url: wss://rpc.xx.network]",""
"passed","Fri Feb 03 12:31:45 GMT 2023","Fri Feb 03 12:31:48 GMT 2023","2390","tests","test_network_parameters","TestPrecision","","","test_precision[Test for Composable Finance]",""
"passed","Fri Feb 03 12:25:27 GMT 2023","Fri Feb 03 12:25:31 GMT 2023","3975","tests","test_network_parameters","TestNetworkPrefix","","","test_address_prefix[Test for Westend]",""
"passed","Fri Feb 03 12:31:22 GMT 2023","Fri Feb 03 12:31:28 GMT 2023","6571","tests","test_network_parameters","TestPrecision","","","test_precision[Test for Statemint]",""
"passed","Fri Feb 03 12:36:38 GMT 2023","Fri Feb 03 12:36:38 GMT 2023","109","","io.novafoundation.nova.balances.BalancesIntegrationTest","","io.novafoundation.nova.balances.BalancesIntegrationTest","testBalancesLoading[Getting balance for Nodle Parachain network]","testBalancesLoading[Getting balance for Nodle Parachain network]",""
"passed","Fri Feb 03 12:36:38 GMT 2023","Fri Feb 03 12:36:39 GMT 2023","80","","io.novafoundation.nova.balances.BalancesIntegrationTest","","io.novafoundation.nova.balances.BalancesIntegrationTest","testBalancesLoading[Getting balance for Aleph Zero network]","testBalancesLoading[Getting balance for Aleph Zero network]",""
"passed","Fri Feb 03 12:26:17 GMT 2023","Fri Feb 03 12:26:21 GMT 2023","3817","tests","test_network_parameters","TestNetworkPrefix","","","test_address_prefix[Test for Turing]",""
"passed","Fri Feb 03 12:30:37 GMT 2023","Fri Feb 03 12:30:40 GMT 2023","2466","tests","test_network_parameters","TestPrecision","","","test_precision[Test for Shiden]",""
"passed","Fri Feb 03 12:31:36 GMT 2023","Fri Feb 03 12:31:39 GMT 2023","2096","tests","test_network_parameters","TestPrecision","","","test_precision[Test for HydraDX]",""
"passed","Fri Feb 03 12:28:27 GMT 2023","Fri Feb 03 12:28:36 GMT 2023","8202","tests","test_network_parameters","TestChainId","","","test_chainId[Test for Phala]",""
"passed","Fri Feb 03 12:25:59 GMT 2023","Fri Feb 03 12:26:01 GMT 2023","2697","tests","test_network_parameters","TestNetworkPrefix","","","test_address_prefix[Test for Efinity]",""
"passed","Fri Feb 03 12:28:17 GMT 2023","Fri Feb 03 12:28:20 GMT 2023","3068","tests","test_network_parameters","TestNetworkPrefix","","","test_address_prefix[Test for Myriad]",""
"passed","Fri Feb 03 12:26:27 GMT 2023","Fri Feb 03 12:26:29 GMT 2023","2738","tests","test_network_parameters","TestNetworkPrefix","","","test_address_prefix[Test for QUARTZ]",""
"passed","Fri Feb 03 12:31:26 GMT 2023","Fri Feb 03 12:31:28 GMT 2023","2228","tests","test_network_parameters","TestPrecision","","","test_precision[Test for Subsocial]",""
"passed","Fri Feb 03 12:26:29 GMT 2023","Fri Feb 03 12:26:33 GMT 2023","3823","tests","test_network_parameters","TestNetworkPrefix","","","test_address_prefix[Test for Bit.Country Pioneer]",""
"passed","Fri Feb 03 12:25:28 GMT 2023","Fri Feb 03 12:25:29 GMT 2023","302","tests","test_nodes_availability","","","","test_can_create_connection[Test for Moonbeam, url: wss://public-rpc.pinknode.io/moonbeam]",""
"passed","Fri Feb 03 12:26:21 GMT 2023","Fri Feb 03 12:26:23 GMT 2023","2308","tests","test_network_parameters","TestNetworkPrefix","","","test_address_prefix[Test for Aleph Zero]",""
"passed","Fri Feb 03 12:25:28 GMT 2023","Fri Feb 03 12:25:28 GMT 2023","264","tests","test_nodes_availability","","","","test_can_create_connection[Test for Moonbeam, url: wss://moonbeam.api.onfinality.io/public-ws]",""
"passed","Fri Feb 03 12:36:33 GMT 2023","Fri Feb 03 12:36:34 GMT 2023","345","","io.novafoundation.nova.balances.BalancesIntegrationTest","","io.novafoundation.nova.balances.BalancesIntegrationTest","testBalancesLoading[Getting balance for Calamari network]","testBalancesLoading[Getting balance for Calamari network]",""
"passed","Fri Feb 03 12:25:59 GMT 2023","Fri Feb 03 12:26:00 GMT 2023","691","tests","test_nodes_availability","","","","test_can_create_connection[Test for Tanganika, url: wss://tanganika.datahighway.com]",""
"passed","Fri Feb 03 12:25:49 GMT 2023","Fri Feb 03 12:25:50 GMT 2023","740","tests","test_nodes_availability","","","","test_can_create_connection[Test for Crust Shadow, url: wss://rpc-shadow.crust.network/]",""
"passed","Fri Feb 03 12:25:26 GMT 2023","Fri Feb 03 12:25:27 GMT 2023","811","tests","test_nodes_availability","","","","test_can_create_connection[Test for Kusama, url: wss://kusama.public.curie.radiumblock.co/ws]",""
"passed","Fri Feb 03 12:26:04 GMT 2023","Fri Feb 03 12:26:05 GMT 2023","729","tests","test_nodes_availability","","","","test_can_create_connection[Test for Kapex, url: wss://k-ui.kapex.network]",""
"passed","Fri Feb 03 12:25:31 GMT 2023","Fri Feb 03 12:25:32 GMT 2023","671","tests","test_nodes_availability","","","","test_can_create_connection[Test for Statemine, url: wss://statemine-rpc.dwellir.com]",""
"passed","Fri Feb 03 12:30:49 GMT 2023","Fri Feb 03 12:30:51 GMT 2023","2201","tests","test_network_parameters","TestPrecision","","","test_precision[Test for Khala]",""
"passed","Fri Feb 03 12:36:34 GMT 2023","Fri Feb 03 12:36:34 GMT 2023","219","","io.novafoundation.nova.balances.BalancesIntegrationTest","","io.novafoundation.nova.balances.BalancesIntegrationTest","testBalancesLoading[Getting balance for Clover network]","testBalancesLoading[Getting balance for Clover network]",""
"passed","Fri Feb 03 12:32:13 GMT 2023","Fri Feb 03 12:32:15 GMT 2023","2047","tests","test_network_parameters","TestPrecision","","","test_precision[Test for Bajun]",""
"passed","Fri Feb 03 12:27:49 GMT 2023","Fri Feb 03 12:27:55 GMT 2023","6900","tests","test_network_parameters","TestChainId","","","test_chainId[Test for Subsocial]",""
"passed","Fri Feb 03 12:25:39 GMT 2023","Fri Feb 03 12:25:40 GMT 2023","846","tests","test_nodes_availability","","","","test_can_create_connection[Test for Parallel Heiko, url: wss://heiko-rpc.parallel.fi]",""
"passed","Fri Feb 03 12:26:51 GMT 2023","Fri Feb 03 12:26:56 GMT 2023","4848","tests","test_network_parameters","TestNetworkPrefix","","","test_address_prefix[Test for CLV Parachain]",""
"passed","Fri Feb 03 12:25:33 GMT 2023","Fri Feb 03 12:25:34 GMT 2023","311","tests","test_nodes_availability","","","","test_can_create_connection[Test for Acala, url: wss://acala-rpc-3.aca-api.network/ws]",""
"passed","Fri Feb 03 12:25:49 GMT 2023","Fri Feb 03 12:25:50 GMT 2023","824","tests","test_nodes_availability","","","","test_can_create_connection[Test for HydraDX, url: wss://hydradx-rpc.dwellir.com]",""
"passed","Fri Feb 03 12:31:51 GMT 2023","Fri Feb 03 12:31:53 GMT 2023","2472","tests","test_network_parameters","TestPrecision","","","test_precision[Test for OriginTrail Parachain]",""
"passed","Fri Feb 03 12:30:34 GMT 2023","Fri Feb 03 12:30:34 GMT 2023","346","tests","test_nodes_availability","","","","test_can_create_connection[Test for Kylin, url: wss://polkadot.kylin-node.co.uk]",""
"passed","Fri Feb 03 12:31:40 GMT 2023","Fri Feb 03 12:31:43 GMT 2023","2458","tests","test_network_parameters","TestPrecision","","","test_precision[Test for Kintsugi]",""
"passed","Fri Feb 03 12:31:55 GMT 2023","Fri Feb 03 12:31:57 GMT 2023","1819","tests","test_network_parameters","TestPrecision","","","test_precision[Test for Pichiu]",""
"passed","Fri Feb 03 12:31:32 GMT 2023","Fri Feb 03 12:31:35 GMT 2023","2297","tests","test_network_parameters","TestPrecision","","","test_precision[Test for Centrifuge Parachain]",""
"passed","Fri Feb 03 12:32:18 GMT 2023","Fri Feb 03 12:32:20 GMT 2023","2031","tests","test_network_parameters","TestPrecision","","","test_precision[Test for Myriad]",""
"passed","Fri Feb 03 12:25:57 GMT 2023","Fri Feb 03 12:25:58 GMT 2023","950","tests","test_nodes_availability","","","","test_can_create_connection[Test for Litentry, url: wss://rpc.litentry-parachain.litentry.io]",""
"passed","Fri Feb 03 12:25:25 GMT 2023","Fri Feb 03 12:25:26 GMT 2023","257","tests","test_nodes_availability","","","","test_can_create_connection[Test for Kusama, url: wss://public-rpc.pinknode.io/kusama]",""
"passed","Fri Feb 03 12:25:30 GMT 2023","Fri Feb 03 12:25:31 GMT 2023","317","tests","test_nodes_availability","","","","test_can_create_connection[Test for Westend, url: wss://rpc.pinknode.io/westend/explorer]",""
"passed","Fri Feb 03 12:36:33 GMT 2023","Fri Feb 03 12:36:33 GMT 2023","232","","io.novafoundation.nova.balances.BalancesIntegrationTest","","io.novafoundation.nova.balances.BalancesIntegrationTest","testBalancesLoading[Getting balance for KILT Spiritnet network]","testBalancesLoading[Getting balance for KILT Spiritnet network]",""
"passed","Fri Feb 03 12:28:36 GMT 2023","Fri Feb 03 12:28:39 GMT 2023","3670","tests","test_network_parameters","TestChainId","","","test_chainId[Test for Turing]",""
"passed","Fri Feb 03 12:31:41 GMT 2023","Fri Feb 03 12:31:43 GMT 2023","1808","tests","test_network_parameters","TestPrecision","","","test_precision[Test for Nodle Parachain]",""
"passed","Fri Feb 03 12:26:11 GMT 2023","Fri Feb 03 12:26:13 GMT 2023","1924","tests","test_network_parameters","TestNetworkPrefix","","","test_address_prefix[Test for Nodle Parachain]",""
"passed","Fri Feb 03 12:28:27 GMT 2023","Fri Feb 03 12:28:31 GMT 2023","4409","tests","test_network_parameters","TestChainId","","","test_chainId[Test for Polkadot]",""
"passed","Fri Feb 03 12:25:44 GMT 2023","Fri Feb 03 12:25:45 GMT 2023","690","tests","test_nodes_availability","","","","test_can_create_connection[Test for Zeitgeist, url: wss://zeitgeist-rpc.dwellir.com]",""
"passed","Fri Feb 03 12:25:59 GMT 2023","Fri Feb 03 12:26:00 GMT 2023","699","tests","test_nodes_availability","","","","test_can_create_connection[Test for Bajun, url: wss://bajun-rpc.dwellir.com]",""
"passed","Fri Feb 03 12:25:43 GMT 2023","Fri Feb 03 12:25:43 GMT 2023","753","tests","test_nodes_availability","","","","test_can_create_connection[Test for KILT, url: wss://spiritnet.kilt.io/]",""
"passed","Fri Feb 03 12:27:01 GMT 2023","Fri Feb 03 12:27:05 GMT 2023","4204","tests","test_network_parameters","TestNetworkPrefix","","","test_address_prefix[Test for Robonomics]",""
"passed","Fri Feb 03 12:36:21 GMT 2023","Fri Feb 03 12:36:22 GMT 2023","366","","io.novafoundation.nova.balances.BalancesIntegrationTest","","io.novafoundation.nova.balances.BalancesIntegrationTest","testBalancesLoading[Getting balance for Westend network]","testBalancesLoading[Getting balance for Westend network]",""
"passed","Fri Feb 03 12:27:37 GMT 2023","Fri Feb 03 12:27:40 GMT 2023","3190","tests","test_network_parameters","TestNetworkPrefix","","","test_address_prefix[Test for Amplitude]",""
"passed","Fri Feb 03 12:36:43 GMT 2023","Fri Feb 03 12:36:44 GMT 2023","237","","io.novafoundation.nova.balances.BalancesIntegrationTest","","io.novafoundation.nova.balances.BalancesIntegrationTest","testBalancesLoading[Getting balance for XX network network]","testBalancesLoading[Getting balance for XX network network]",""
"passed","Fri Feb 03 12:36:41 GMT 2023","Fri Feb 03 12:36:41 GMT 2023","93","","io.novafoundation.nova.balances.BalancesIntegrationTest","","io.novafoundation.nova.balances.BalancesIntegrationTest","testBalancesLoading[Getting balance for Pichiu network]","testBalancesLoading[Getting balance for Pichiu network]",""
"passed","Fri Feb 03 12:26:02 GMT 2023","Fri Feb 03 12:26:02 GMT 2023","365","tests","test_nodes_availability","","","","test_can_create_connection[Test for Amplitude, url: wss://rpc-amplitude.pendulumchain.tech]",""
"passed","Fri Feb 03 12:25:43 GMT 2023","Fri Feb 03 12:25:45 GMT 2023","2578","tests","test_network_parameters","TestNetworkPrefix","","","test_address_prefix[Test for Moonriver]",""
"passed","Fri Feb 03 12:26:37 GMT 2023","Fri Feb 03 12:26:44 GMT 2023","6112","tests","test_network_parameters","TestNetworkPrefix","","","test_address_prefix[Test for Astar]",""
"passed","Fri Feb 03 12:32:23 GMT 2023","Fri Feb 03 12:32:30 GMT 2023","7185","tests","test_network_parameters","TestPrecision","","","test_precision[Test for XX network]",""
"passed","Fri Feb 03 12:25:20 GMT 2023","Fri Feb 03 12:25:24 GMT 2023","3426","tests","test_network_parameters","TestNetworkPrefix","","","test_address_prefix[Test for Kintsugi]",""
"passed","Fri Feb 03 12:32:09 GMT 2023","Fri Feb 03 12:32:11 GMT 2023","1984","tests","test_network_parameters","TestPrecision","","","test_precision[Test for Kylin]",""
"passed","Fri Feb 03 12:25:56 GMT 2023","Fri Feb 03 12:25:57 GMT 2023","930","tests","test_nodes_availability","","","","test_can_create_connection[Test for Dora Factory, url: wss://kusama.dorafactory.org]",""
"passed","Fri Feb 03 12:25:54 GMT 2023","Fri Feb 03 12:25:59 GMT 2023","4521","tests","test_network_parameters","TestNetworkPrefix","","","test_address_prefix[Test for Centrifuge Parachain]",""
"passed","Fri Feb 03 12:25:57 GMT 2023","Fri Feb 03 12:25:57 GMT 2023","670","tests","test_nodes_availability","","","","test_can_create_connection[Test for Mangata X, url: wss://prod-kusama-collator-01.mangatafinance.cloud]",""
"passed","Fri Feb 03 12:25:28 GMT 2023","Fri Feb 03 12:25:28 GMT 2023","364","tests","test_nodes_availability","","","","test_can_create_connection[Test for Moonbeam, url: wss://moonbeam.public.blastapi.io]",""
"passed","Fri Feb 03 12:25:52 GMT 2023","Fri Feb 03 12:25:52 GMT 2023","390","tests","test_nodes_availability","","","","test_can_create_connection[Test for Efinity, url: wss://rpc.efinity.io]",""
"passed","Fri Feb 03 12:25:58 GMT 2023","Fri Feb 03 12:25:59 GMT 2023","662","tests","test_nodes_availability","","","","test_can_create_connection[Test for UNIQUE, url: wss://eu-ws.unique.network/]",""
"passed","Fri Feb 03 12:30:04 GMT 2023","Fri Feb 03 12:30:09 GMT 2023","5117","tests","test_network_parameters","TestChainId","","","test_chainId[Test for Tinkernet]",""
"passed","Fri Feb 03 12:28:00 GMT 2023","Fri Feb 03 12:28:04 GMT 2023","4165","tests","test_network_parameters","TestNetworkPrefix","","","test_address_prefix[Test for Polymesh]",""
"passed","Fri Feb 03 12:28:20 GMT 2023","Fri Feb 03 12:28:27 GMT 2023","6116","tests","test_network_parameters","TestNetworkPrefix","","","test_address_prefix[Test for XX network]",""
"passed","Fri Feb 03 12:25:38 GMT 2023","Fri Feb 03 12:25:39 GMT 2023","753","tests","test_nodes_availability","","","","test_can_create_connection[Test for Statemint, url: wss://statemint.api.onfinality.io/public-ws]",""
"passed","Fri Feb 03 12:25:34 GMT 2023","Fri Feb 03 12:25:34 GMT 2023","680","tests","test_nodes_availability","","","","test_can_create_connection[Test for Acala, url: wss://acala.polkawallet.io]",""
"passed","Fri Feb 03 12:25:35 GMT 2023","Fri Feb 03 12:25:35 GMT 2023","602","tests","test_nodes_availability","","","","test_can_create_connection[Test for Bifrost Kusama, url: wss://bifrost-parachain.api.onfinality.io/public-ws]",""
"passed","Fri Feb 03 12:26:00 GMT 2023","Fri Feb 03 12:26:00 GMT 2023","301","tests","test_nodes_availability","","","","test_can_create_connection[Test for Imbue, url: wss://imbue-kusama.imbue.network]",""
"passed","Fri Feb 03 12:31:12 GMT 2023","Fri Feb 03 12:31:16 GMT 2023","4197","tests","test_network_parameters","TestChainId","","","test_chainId[Test for Myriad]",""
"passed","Fri Feb 03 12:25:47 GMT 2023","Fri Feb 03 12:25:48 GMT 2023","733","tests","test_nodes_availability","","","","test_can_create_connection[Test for Subsocial, url: wss://para.f3joule.space]",""
"passed","Fri Feb 03 12:36:42 GMT 2023","Fri Feb 03 12:36:42 GMT 2023","252","","io.novafoundation.nova.balances.BalancesIntegrationTest","","io.novafoundation.nova.balances.BalancesIntegrationTest","testBalancesLoading[Getting balance for Ternoa network]","testBalancesLoading[Getting balance for Ternoa network]",""
"passed","Fri Feb 03 12:36:43 GMT 2023","Fri Feb 03 12:36:43 GMT 2023","69","","io.novafoundation.nova.balances.BalancesIntegrationTest","","io.novafoundation.nova.balances.BalancesIntegrationTest","testBalancesLoading[Getting balance for Myriad network]","testBalancesLoading[Getting balance for Myriad network]",""
"passed","Fri Feb 03 12:36:37 GMT 2023","Fri Feb 03 12:36:37 GMT 2023","193","","io.novafoundation.nova.balances.BalancesIntegrationTest","","io.novafoundation.nova.balances.BalancesIntegrationTest","testBalancesLoading[Getting balance for Subsocial Parachain network]","testBalancesLoading[Getting balance for Subsocial Parachain network]",""
"passed","Fri Feb 03 12:25:50 GMT 2023","Fri Feb 03 12:25:51 GMT 2023","751","tests","test_nodes_availability","","","","test_can_create_connection[Test for Integritee Parachain, url: wss://integritee-kusama.api.onfinality.io/public-ws]",""
"passed","Fri Feb 03 12:26:48 GMT 2023","Fri Feb 03 12:26:53 GMT 2023","4657","tests","test_network_parameters","TestNetworkPrefix","","","test_address_prefix[Test for Dora Factory]",""
"passed","Fri Feb 03 12:31:16 GMT 2023","Fri Feb 03 12:31:19 GMT 2023","3098","tests","test_network_parameters","TestPrecision","","","test_precision[Test for Zeitgeist]",""
"passed","Fri Feb 03 12:26:33 GMT 2023","Fri Feb 03 12:26:37 GMT 2023","4331","tests","test_network_parameters","TestNetworkPrefix","","","test_address_prefix[Test for Acala]",""
"passed","Fri Feb 03 12:25:54 GMT 2023","Fri Feb 03 12:25:54 GMT 2023","453","tests","test_nodes_availability","","","","test_can_create_connection[Test for Aleph Zero, url: wss://ws.azero.dev]",""
"passed","Fri Feb 03 12:29:32 GMT 2023","Fri Feb 03 12:29:36 GMT 2023","4039","tests","test_network_parameters","TestChainId","","","test_chainId[Test for Pichiu]",""
"passed","Fri Feb 03 12:30:14 GMT 2023","Fri Feb 03 12:30:20 GMT 2023","6666","tests","test_network_parameters","TestChainId","","","test_chainId[Test for Acala]",""
"passed","Fri Feb 03 12:25:51 GMT 2023","Fri Feb 03 12:25:51 GMT 2023","753","tests","test_nodes_availability","","","","test_can_create_connection[Test for Interlay, url: wss://interlay.api.onfinality.io/public-ws]",""
"passed","Fri Feb 03 12:25:44 GMT 2023","Fri Feb 03 12:25:44 GMT 2023","329","tests","test_nodes_availability","","","","test_can_create_connection[Test for Calamari, url: wss://ws.calamari.systems/]",""
"passed","Fri Feb 03 12:26:07 GMT 2023","Fri Feb 03 12:26:11 GMT 2023","3787","tests","test_network_parameters","TestNetworkPrefix","","","test_address_prefix[Test for Interlay]",""
"passed","Fri Feb 03 12:36:39 GMT 2023","Fri Feb 03 12:36:39 GMT 2023","327","","io.novafoundation.nova.balances.BalancesIntegrationTest","","io.novafoundation.nova.balances.BalancesIntegrationTest","testBalancesLoading[Getting balance for Parallel Heiko network]","testBalancesLoading[Getting balance for Parallel Heiko network]",""
"passed","Fri Feb 03 12:28:55 GMT 2023","Fri Feb 03 12:28:59 GMT 2023","4621","tests","test_network_parameters","TestChainId","","","test_chainId[Test for OriginTrail Parachain]",""
"passed","Fri Feb 03 12:26:05 GMT 2023","Fri Feb 03 12:26:06 GMT 2023","753","tests","test_nodes_availability","","","","test_can_create_connection[Test for Snow, url: wss://snow-rpc.icenetwork.io]",""
"passed","Fri Feb 03 12:26:53 GMT 2023","Fri Feb 03 12:26:59 GMT 2023","6125","tests","test_network_parameters","TestNetworkPrefix","","","test_address_prefix[Test for Mangata X]",""
"passed","Fri Feb 03 12:27:16 GMT 2023","Fri Feb 03 12:27:17 GMT 2023","1376","tests","test_network_parameters","TestChainId","","","test_chainId[Test for Robonomics]",""
"passed","Fri Feb 03 12:25:41 GMT 2023","Fri Feb 03 12:25:42 GMT 2023","509","tests","test_nodes_availability","","","","test_can_create_connection[Test for Khala, url: wss://khala.api.onfinality.io/public-ws]",""
"passed","Fri Feb 03 12:25:38 GMT 2023","Fri Feb 03 12:25:39 GMT 2023","758","tests","test_nodes_availability","","","","test_can_create_connection[Test for Altair, url: wss://altair.api.onfinality.io/public-ws]",""
"passed","Fri Feb 03 12:28:39 GMT 2023","Fri Feb 03 12:28:43 GMT 2023","3382","tests","test_network_parameters","TestChainId","","","test_chainId[Test for Aleph Zero]",""
"passed","Fri Feb 03 12:26:00 GMT 2023","Fri Feb 03 12:26:01 GMT 2023","583","tests","test_nodes_availability","","","","test_can_create_connection[Test for Tinkernet, url: wss://invarch-tinkernet.api.onfinality.io/public-ws]",""
"broken","Fri Feb 03 12:26:18 GMT 2023","Fri Feb 03 12:26:18 GMT 2023","66","tests","test_nodes_availability","","","","test_can_create_connection[Test for XX network, url: wss://xxnetwork-rpc.dwellir.com]",""
"passed","Fri Feb 03 12:29:12 GMT 2023","Fri Feb 03 12:29:17 GMT 2023","5372","tests","test_network_parameters","TestChainId","","","test_chainId[Test for UNIQUE]",""
"passed","Fri Feb 03 12:36:34 GMT 2023","Fri Feb 03 12:36:34 GMT 2023","259","","io.novafoundation.nova.balances.BalancesIntegrationTest","","io.novafoundation.nova.balances.BalancesIntegrationTest","testBalancesLoading[Getting balance for Astar network]","testBalancesLoading[Getting balance for Astar network]",""
"passed","Fri Feb 03 12:36:35 GMT 2023","Fri Feb 03 12:36:35 GMT 2023","260","","io.novafoundation.nova.balances.BalancesIntegrationTest","","io.novafoundation.nova.balances.BalancesIntegrationTest","testBalancesLoading[Getting balance for QUARTZ network]","testBalancesLoading[Getting balance for QUARTZ network]",""
"passed","Fri Feb 03 12:25:50 GMT 2023","Fri Feb 03 12:25:54 GMT 2023","3689","tests","test_network_parameters","TestNetworkPrefix","","","test_address_prefix[Test for Integritee Parachain]",""
"passed","Fri Feb 03 12:26:00 GMT 2023","Fri Feb 03 12:26:01 GMT 2023","615","tests","test_nodes_availability","","","","test_can_create_connection[Test for Bajun, url: wss://rpc-parachain.bajun.network]",""
"passed","Fri Feb 03 12:36:43 GMT 2023","Fri Feb 03 12:36:43 GMT 2023","202","","io.novafoundation.nova.balances.BalancesIntegrationTest","","io.novafoundation.nova.balances.BalancesIntegrationTest","testBalancesLoading[Getting balance for Snow network]","testBalancesLoading[Getting balance for Snow network]",""
"passed","Fri Feb 03 12:25:25 GMT 2023","Fri Feb 03 12:25:25 GMT 2023","436","tests","test_nodes_availability","","","","test_can_create_connection[Test for Polkadot, url: wss://1rpc.io/dot]",""
"passed","Fri Feb 03 12:25:29 GMT 2023","Fri Feb 03 12:25:29 GMT 2023","578","tests","test_nodes_availability","","","","test_can_create_connection[Test for Moonbeam, url: wss://1rpc.io/glmr]",""
"passed","Fri Feb 03 12:25:25 GMT 2023","Fri Feb 03 12:25:25 GMT 2023","174","tests","test_nodes_availability","","","","test_can_create_connection[Test for Polkadot, url: wss://rpc.polkadot.io]",""
"passed","Fri Feb 03 12:25:47 GMT 2023","Fri Feb 03 12:25:48 GMT 2023","708","tests","test_nodes_availability","","","","test_can_create_connection[Test for Acala, url: wss://acala-rpc.dwellir.com]",""
"passed","Fri Feb 03 12:36:40 GMT 2023","Fri Feb 03 12:36:40 GMT 2023","189","","io.novafoundation.nova.balances.BalancesIntegrationTest","","io.novafoundation.nova.balances.BalancesIntegrationTest","testBalancesLoading[Getting balance for Litentry network]","testBalancesLoading[Getting balance for Litentry network]",""
"passed","Fri Feb 03 12:25:30 GMT 2023","Fri Feb 03 12:25:30 GMT 2023","302","tests","test_nodes_availability","","","","test_can_create_connection[Test for Moonriver, url: wss://moonriver.api.onfinality.io/public-ws]",""
"passed","Fri Feb 03 12:28:04 GMT 2023","Fri Feb 03 12:28:10 GMT 2023","5307","tests","test_network_parameters","TestNetworkPrefix","","","test_address_prefix[Test for Snow]",""
"passed","Fri Feb 03 12:29:20 GMT 2023","Fri Feb 03 12:29:26 GMT 2023","5934","tests","test_network_parameters","TestChainId","","","test_chainId[Test for Basilisk]",""
"passed","Fri Feb 03 12:31:15 GMT 2023","Fri Feb 03 12:31:22 GMT 2023","6915","tests","test_network_parameters","TestPrecision","","","test_precision[Test for CLV Parachain]",""
"passed","Fri Feb 03 12:31:53 GMT 2023","Fri Feb 03 12:31:55 GMT 2023","2354","tests","test_network_parameters","TestPrecision","","","test_precision[Test for Bifrost Polkadot]",""
"passed","Fri Feb 03 12:36:39 GMT 2023","Fri Feb 03 12:36:39 GMT 2023","119","","io.novafoundation.nova.balances.BalancesIntegrationTest","","io.novafoundation.nova.balances.BalancesIntegrationTest","testBalancesLoading[Getting balance for Polkadex Solochain network]","testBalancesLoading[Getting balance for Polkadex Solochain network]",""
"passed","Fri Feb 03 12:31:51 GMT 2023","Fri Feb 03 12:31:53 GMT 2023","2423","tests","test_network_parameters","TestPrecision","","","test_precision[Test for Dora Factory]",""
"passed","Fri Feb 03 12:30:35 GMT 2023","Fri Feb 03 12:30:37 GMT 2023","1764","tests","test_network_parameters","TestPrecision","","","test_precision[Test for Moonriver]",""
"passed","Fri Feb 03 12:25:27 GMT 2023","Fri Feb 03 12:25:28 GMT 2023","304","tests","test_nodes_availability","","","","test_can_create_connection[Test for Kusama, url: wss://kusama.api.onfinality.io/public-ws]",""
"passed","Fri Feb 03 12:30:15 GMT 2023","Fri Feb 03 12:30:19 GMT 2023","4265","tests","test_network_parameters","TestChainId","","","test_chainId[Test for Amplitude]",""
"passed","Fri Feb 03 12:36:43 GMT 2023","Fri Feb 03 12:36:43 GMT 2023","192","","io.novafoundation.nova.balances.BalancesIntegrationTest","","io.novafoundation.nova.balances.BalancesIntegrationTest","testBalancesLoading[Getting balance for Kapex network]","testBalancesLoading[Getting balance for Kapex network]",""
"passed","Fri Feb 03 12:36:35 GMT 2023","Fri Feb 03 12:36:36 GMT 2023","199","","io.novafoundation.nova.balances.BalancesIntegrationTest","","io.novafoundation.nova.balances.BalancesIntegrationTest","testBalancesLoading[Getting balance for Picasso network]","testBalancesLoading[Getting balance for Picasso network]",""
"passed","Fri Feb 03 12:30:51 GMT 2023","Fri Feb 03 12:30:53 GMT 2023","2466","tests","test_network_parameters","TestPrecision","","","test_precision[Test for KILT]",""
"passed","Fri Feb 03 12:30:31 GMT 2023","Fri Feb 03 12:30:33 GMT 2023","2163","tests","test_network_parameters","TestPrecision","","","test_precision[Test for Karura]",""
"passed","Fri Feb 03 12:28:10 GMT 2023","Fri Feb 03 12:28:17 GMT 2023","7810","tests","test_network_parameters","TestNetworkPrefix","","","test_address_prefix[Test for DAO IPCI]",""
"passed","Fri Feb 03 12:31:43 GMT 2023","Fri Feb 03 12:31:45 GMT 2023","2140","tests","test_network_parameters","TestPrecision","","","test_precision[Test for Phala]",""
"passed","Fri Feb 03 12:31:30 GMT 2023","Fri Feb 03 12:31:32 GMT 2023","2283","tests","test_network_parameters","TestPrecision","","","test_precision[Test for Integritee Parachain]",""
"passed","Fri Feb 03 12:30:20 GMT 2023","Fri Feb 03 12:30:23 GMT 2023","2410","tests","test_network_parameters","TestChainId","","","test_chainId[Test for XX network]",""
"passed","Fri Feb 03 12:30:09 GMT 2023","Fri Feb 03 12:30:15 GMT 2023","5768","tests","test_network_parameters","TestChainId","","","test_chainId[Test for GM]",""
"passed","Fri Feb 03 12:28:10 GMT 2023","Fri Feb 03 12:28:14 GMT 2023","3994","tests","test_network_parameters","TestChainId","","","test_chainId[Test for Efinity]",""
"passed","Fri Feb 03 12:26:13 GMT 2023","Fri Feb 03 12:26:17 GMT 2023","4490","tests","test_network_parameters","TestNetworkPrefix","","","test_address_prefix[Test for Khala]",""
"passed","Fri Feb 03 12:30:19 GMT 2023","Fri Feb 03 12:30:25 GMT 2023","6033","tests","test_network_parameters","TestChainId","","","test_chainId[Test for Ternoa]",""
"passed","Fri Feb 03 12:27:26 GMT 2023","Fri Feb 03 12:27:30 GMT 2023","3952","tests","test_network_parameters","TestNetworkPrefix","","","test_address_prefix[Test for Tinkernet]",""
"passed","Fri Feb 03 12:30:08 GMT 2023","Fri Feb 03 12:30:14 GMT 2023","5867","tests","test_network_parameters","TestChainId","","","test_chainId[Test for Bit.Country Pioneer]",""
"passed","Fri Feb 03 12:25:55 GMT 2023","Fri Feb 03 12:25:56 GMT 2023","883","tests","test_nodes_availability","","","","test_can_create_connection[Test for UNIQUE, url: wss://asia-ws.unique.network/]",""
"passed","Fri Feb 03 12:26:02 GMT 2023","Fri Feb 03 12:26:06 GMT 2023","4125","tests","test_network_parameters","TestNetworkPrefix","","","test_address_prefix[Test for Altair]",""
